d,in_5series,in_7series,cluster_idx,cluster_lo,cluster_hi,nj_def_i,nj_def_ii
3,0,1,0,3,4,1,2
4,1,0,0,3,4,1,2
6,0,1,1,6,7,1,2
7,1,0,1,6,7,1,2
9,1,1,2,9,9,2,2
11,0,1,3,11,39,1,2
12,1,0,3,11,39,1,2
13,0,1,3,11,39,1,2
14,1,0,3,11,39,1,2
15,0,1,3,11,39,1,2
16,1,0,3,11,39,1,2
17,0,1,3,11,39,1,2
18,1,0,3,11,39,1,2
19,0,1,3,11,39,1,2
20,1,0,3,11,39,1,2
21,0,1,3,11,39,1,2
22,1,0,3,11,39,1,2
23,0,1,3,11,39,1,2
24,1,0,3,11,39,1,2
25,0,1,3,11,39,1,2
26,1,0,3,11,39,1,2
27,0,1,3,11,39,1,2
28,1,0,3,11,39,1,2
29,0,1,3,11,39,1,2
30,1,0,3,11,39,1,2
31,0,1,3,11,39,1,2
32,1,1,3,11,39,1,2
33,1,0,3,11,39,1,2
34,0,1,3,11,39,1,2
35,1,0,3,11,39,1,2
36,0,1,3,11,39,1,2
37,1,0,3,11,39,1,2
38,0,1,3,11,39,1,2
39,1,1,3,11,39,1,2
41,1,1,4,41,46,1,2
42,1,0,4,41,46,1,2
43,0,1,4,41,46,1,2
44,1,0,4,41,46,1,2
45,0,1,4,41,46,1,2
46,1,1,4,41,46,1,2
48,1,1,5,48,58,1,2
49,1,0,5,48,58,1,2
50,0,1,5,48,58,1,2
51,1,0,5,48,58,1,2
52,0,1,5,48,58,1,2
53,1,1,5,48,58,1,2
54,1,0,5,48,58,1,2
55,0,1,5,48,58,1,2
56,1,0,5,48,58,1,2
57,0,1,5,48,58,1,2
58,1,1,5,48,58,1,2
60,1,1,6,60,63,1,2
61,1,0,6,60,63,1,2
62,0,1,6,60,63,1,2
63,1,1,6,60,63,1,2
65,1,1,7,65,68,1,2
66,1,0,7,65,68,1,2
67,0,1,7,65,68,1,2
68,1,1,7,65,68,1,2
70,1,1,8,70,73,1,2
71,1,0,8,70,73,1,2
72,0,1,8,70,73,1,2
73,1,1,8,70,73,1,2
75,1,1,9,75,76,1,2
76,1,1,9,75,76,1,2
78,1,1,10,78,78,2,2
80,1,1,11,80,81,1,2
81,1,1,11,80,81,1,2
83,1,1,12,83,86,1,2
84,1,0,12,83,86,1,2
85,0,1,12,83,86,1,2
86,1,1,12,83,86,1,2
88,1,1,13,88,89,1,2
89,1,1,13,88,89,1,2
91,1,1,14,91,94,1,2
92,1,0,14,91,94,1,2
93,0,1,14,91,94,1,2
94,1,1,14,91,94,1,2
96,1,1,15,96,97,1,2
97,1,1,15,96,97,1,2
99,1,1,16,99,102,1,2
100,1,0,16,99,102,1,2
101,0,1,16,99,102,1,2
102,1,1,16,99,102,1,2
104,1,1,17,104,105,1,2
105,1,1,17,104,105,1,2
107,1,1,18,107,108,1,2
108,1,1,18,107,108,1,2
110,1,1,19,110,110,2,2
112,1,1,20,112,113,1,2
113,1,1,20,112,113,1,2
115,1,1,21,115,116,1,2
116,1,1,21,115,116,1,2
118,1,1,22,118,119,1,2
119,1,1,22,118,119,1,2
121,1,1,23,121,121,2,2
123,1,1,24,123,124,1,2
124,1,1,24,123,124,1,2
126,1,1,25,126,127,1,2
127,1,1,25,126,127,1,2
129,1,1,26,129,130,1,2
130,1,1,26,129,130,1,2
132,1,1,27,132,135,1,2
133,0,1,27,132,135,1,2
134,1,0,27,132,135,1,2
135,1,1,27,132,135,1,2
137,1,1,28,137,138,1,2
138,1,1,28,137,138,1,2
140,1,1,29,140,141,1,2
141,1,1,29,140,141,1,2
143,1,1,30,143,144,1,2
144,1,1,30,143,144,1,2
146,1,1,31,146,147,1,2
147,1,1,31,146,147,1,2
149,1,1,32,149,158,1,2
150,0,1,32,149,158,1,2
151,1,0,32,149,158,1,2
152,1,1,32,149,158,1,2
153,0,1,32,149,158,1,2
154,1,0,32,149,158,1,2
155,1,1,32,149,158,1,2
156,0,1,32,149,158,1,2
157,1,0,32,149,158,1,2
158,1,1,32,149,158,1,2
160,1,1,33,160,161,1,2
161,1,1,33,160,161,1,2
163,1,1,34,163,164,1,2
164,1,1,34,163,164,1,2
166,1,1,35,166,167,1,2
167,1,1,35,166,167,1,2
169,1,1,36,169,170,1,2
170,1,1,36,169,170,1,2
172,1,1,37,172,482,1,2
173,0,1,37,172,482,1,2
174,1,0,37,172,482,1,2
175,1,1,37,172,482,1,2
176,0,1,37,172,482,1,2
177,1,0,37,172,482,1,2
178,1,1,37,172,482,1,2
179,0,1,37,172,482,1,2
180,1,0,37,172,482,1,2
181,1,1,37,172,482,1,2
182,0,1,37,172,482,1,2
183,1,0,37,172,482,1,2
184,1,1,37,172,482,1,2
185,0,1,37,172,482,1,2
186,1,0,37,172,482,1,2
187,1,1,37,172,482,1,2
188,0,1,37,172,482,1,2
189,1,0,37,172,482,1,2
190,1,1,37,172,482,1,2
191,0,1,37,172,482,1,2
192,1,0,37,172,482,1,2
193,1,1,37,172,482,1,2
194,0,1,37,172,482,1,2
195,1,0,37,172,482,1,2
196,1,1,37,172,482,1,2
197,0,1,37,172,482,1,2
198,1,0,37,172,482,1,2
199,1,1,37,172,482,1,2
200,0,1,37,172,482,1,2
201,1,0,37,172,482,1,2
202,1,1,37,172,482,1,2
203,0,1,37,172,482,1,2
204,1,0,37,172,482,1,2
205,1,1,37,172,482,1,2
206,0,1,37,172,482,1,2
207,1,0,37,172,482,1,2
208,1,1,37,172,482,1,2
209,0,1,37,172,482,1,2
210,1,0,37,172,482,1,2
211,1,1,37,172,482,1,2
212,0,1,37,172,482,1,2
213,1,0,37,172,482,1,2
214,1,1,37,172,482,1,2
215,0,1,37,172,482,1,2
216,1,0,37,172,482,1,2
217,1,1,37,172,482,1,2
218,0,1,37,172,482,1,2
219,1,0,37,172,482,1,2
220,1,1,37,172,482,1,2
221,0,1,37,172,482,1,2
222,1,0,37,172,482,1,2
223,1,1,37,172,482,1,2
224,0,1,37,172,482,1,2
225,1,0,37,172,482,1,2
226,1,1,37,172,482,1,2
227,0,1,37,172,482,1,2
228,1,0,37,172,482,1,2
229,1,1,37,172,482,1,2
230,0,1,37,172,482,1,2
231,1,0,37,172,482,1,2
232,1,1,37,172,482,1,2
233,0,1,37,172,482,1,2
234,1,0,37,172,482,1,2
235,1,1,37,172,482,1,2
236,0,1,37,172,482,1,2
237,1,0,37,172,482,1,2
238,1,1,37,172,482,1,2
239,0,1,37,172,482,1,2
240,1,0,37,172,482,1,2
241,1,1,37,172,482,1,2
242,0,1,37,172,482,1,2
243,1,0,37,172,482,1,2
244,1,1,37,172,482,1,2
245,0,1,37,172,482,1,2
246,1,0,37,172,482,1,2
247,1,1,37,172,482,1,2
248,0,1,37,172,482,1,2
249,1,0,37,172,482,1,2
250,1,1,37,172,482,1,2
251,0,1,37,172,482,1,2
252,1,0,37,172,482,1,2
253,1,1,37,172,482,1,2
254,0,1,37,172,482,1,2
255,1,0,37,172,482,1,2
256,1,1,37,172,482,1,2
257,0,1,37,172,482,1,2
258,1,1,37,172,482,1,2
259,1,0,37,172,482,1,2
260,1,1,37,172,482,1,2
261,0,1,37,172,482,1,2
262,1,0,37,172,482,1,2
263,1,1,37,172,482,1,2
264,0,1,37,172,482,1,2
265,1,0,37,172,482,1,2
266,1,1,37,172,482,1,2
267,0,1,37,172,482,1,2
268,1,0,37,172,482,1,2
269,1,1,37,172,482,1,2
270,0,1,37,172,482,1,2
271,1,0,37,172,482,1,2
272,1,1,37,172,482,1,2
273,0,1,37,172,482,1,2
274,1,0,37,172,482,1,2
275,1,1,37,172,482,1,2
276,0,1,37,172,482,1,2
277,1,0,37,172,482,1,2
278,1,1,37,172,482,1,2
279,0,1,37,172,482,1,2
280,1,0,37,172,482,1,2
281,1,1,37,172,482,1,2
282,0,1,37,172,482,1,2
283,1,1,37,172,482,1,2
284,1,0,37,172,482,1,2
285,0,1,37,172,482,1,2
286,1,1,37,172,482,1,2
287,1,0,37,172,482,1,2
288,0,1,37,172,482,1,2
289,1,1,37,172,482,1,2
290,1,0,37,172,482,1,2
291,1,1,37,172,482,1,2
292,0,1,37,172,482,1,2
293,1,0,37,172,482,1,2
294,1,1,37,172,482,1,2
295,0,1,37,172,482,1,2
296,1,0,37,172,482,1,2
297,1,1,37,172,482,1,2
298,0,1,37,172,482,1,2
299,1,0,37,172,482,1,2
300,1,1,37,172,482,1,2
301,0,1,37,172,482,1,2
302,1,1,37,172,482,1,2
303,1,0,37,172,482,1,2
304,0,1,37,172,482,1,2
305,1,1,37,172,482,1,2
306,1,0,37,172,482,1,2
307,0,1,37,172,482,1,2
308,1,1,37,172,482,1,2
309,1,0,37,172,482,1,2
310,0,1,37,172,482,1,2
311,1,1,37,172,482,1,2
312,1,0,37,172,482,1,2
313,1,1,37,172,482,1,2
314,0,1,37,172,482,1,2
315,1,0,37,172,482,1,2
316,1,1,37,172,482,1,2
317,0,1,37,172,482,1,2
318,1,0,37,172,482,1,2
319,1,1,37,172,482,1,2
320,0,1,37,172,482,1,2
321,1,1,37,172,482,1,2
322,1,0,37,172,482,1,2
323,0,1,37,172,482,1,2
324,1,1,37,172,482,1,2
325,1,0,37,172,482,1,2
326,0,1,37,172,482,1,2
327,1,1,37,172,482,1,2
328,1,0,37,172,482,1,2
329,1,1,37,172,482,1,2
330,0,1,37,172,482,1,2
331,1,0,37,172,482,1,2
332,1,1,37,172,482,1,2
333,0,1,37,172,482,1,2
334,1,0,37,172,482,1,2
335,1,1,37,172,482,1,2
336,0,1,37,172,482,1,2
337,1,1,37,172,482,1,2
338,1,0,37,172,482,1,2
339,0,1,37,172,482,1,2
340,1,1,37,172,482,1,2
341,1,0,37,172,482,1,2
342,0,1,37,172,482,1,2
343,1,1,37,172,482,1,2
344,1,0,37,172,482,1,2
345,0,1,37,172,482,1,2
346,1,1,37,172,482,1,2
347,1,0,37,172,482,1,2
348,1,1,37,172,482,1,2
349,0,1,37,172,482,1,2
350,1,1,37,172,482,1,2
351,1,0,37,172,482,1,2
352,0,1,37,172,482,1,2
353,1,1,37,172,482,1,2
354,1,0,37,172,482,1,2
355,0,1,37,172,482,1,2
356,1,1,37,172,482,1,2
357,1,0,37,172,482,1,2
358,0,1,37,172,482,1,2
359,1,1,37,172,482,1,2
360,1,0,37,172,482,1,2
361,1,1,37,172,482,1,2
362,0,1,37,172,482,1,2
363,1,0,37,172,482,1,2
364,1,1,37,172,482,1,2
365,0,1,37,172,482,1,2
366,1,1,37,172,482,1,2
367,1,0,37,172,482,1,2
368,0,1,37,172,482,1,2
369,1,1,37,172,482,1,2
370,1,0,37,172,482,1,2
371,0,1,37,172,482,1,2
372,1,1,37,172,482,1,2
373,1,0,37,172,482,1,2
374,0,1,37,172,482,1,2
375,1,1,37,172,482,1,2
376,1,0,37,172,482,1,2
377,1,1,37,172,482,1,2
378,0,1,37,172,482,1,2
379,1,1,37,172,482,1,2
380,1,0,37,172,482,1,2
381,0,1,37,172,482,1,2
382,1,1,37,172,482,1,2
383,1,0,37,172,482,1,2
384,0,1,37,172,482,1,2
385,1,1,37,172,482,1,2
386,1,0,37,172,482,1,2
387,0,1,37,172,482,1,2
388,1,1,37,172,482,1,2
389,1,1,37,172,482,1,2
390,1,0,37,172,482,1,2
391,0,1,37,172,482,1,2
392,1,1,37,172,482,1,2
393,1,0,37,172,482,1,2
394,0,1,37,172,482,1,2
395,1,1,37,172,482,1,2
396,1,0,37,172,482,1,2
397,0,1,37,172,482,1,2
398,1,1,37,172,482,1,2
399,1,0,37,172,482,1,2
400,1,1,37,172,482,1,2
401,0,1,37,172,482,1,2
402,1,1,37,172,482,1,2
403,1,0,37,172,482,1,2
404,0,1,37,172,482,1,2
405,1,1,37,172,482,1,2
406,1,0,37,172,482,1,2
407,0,1,37,172,482,1,2
408,1,1,37,172,482,1,2
409,1,0,37,172,482,1,2
410,0,1,37,172,482,1,2
411,1,1,37,172,482,1,2
412,1,1,37,172,482,1,2
413,1,0,37,172,482,1,2
414,0,1,37,172,482,1,2
415,1,1,37,172,482,1,2
416,1,0,37,172,482,1,2
417,0,1,37,172,482,1,2
418,1,1,37,172,482,1,2
419,1,0,37,172,482,1,2
420,0,1,37,172,482,1,2
421,1,1,37,172,482,1,2
422,1,0,37,172,482,1,2
423,1,1,37,172,482,1,2
424,0,1,37,172,482,1,2
425,1,1,37,172,482,1,2
426,1,0,37,172,482,1,2
427,0,1,37,172,482,1,2
428,1,1,37,172,482,1,2
429,1,0,37,172,482,1,2
430,0,1,37,172,482,1,2
431,1,1,37,172,482,1,2
432,1,0,37,172,482,1,2
433,0,1,37,172,482,1,2
434,1,1,37,172,482,1,2
435,1,1,37,172,482,1,2
436,1,0,37,172,482,1,2
437,0,1,37,172,482,1,2
438,1,1,37,172,482,1,2
439,1,0,37,172,482,1,2
440,0,1,37,172,482,1,2
441,1,1,37,172,482,1,2
442,1,0,37,172,482,1,2
443,0,1,37,172,482,1,2
444,1,1,37,172,482,1,2
445,1,1,37,172,482,1,2
446,1,0,37,172,482,1,2
447,0,1,37,172,482,1,2
448,1,1,37,172,482,1,2
449,1,0,37,172,482,1,2
450,0,1,37,172,482,1,2
451,1,1,37,172,482,1,2
452,1,0,37,172,482,1,2
453,0,1,37,172,482,1,2
454,1,1,37,172,482,1,2
455,1,1,37,172,482,1,2
456,1,0,37,172,482,1,2
457,0,1,37,172,482,1,2
458,1,1,37,172,482,1,2
459,1,0,37,172,482,1,2
460,0,1,37,172,482,1,2
461,1,1,37,172,482,1,2
462,1,0,37,172,482,1,2
463,0,1,37,172,482,1,2
464,1,1,37,172,482,1,2
465,1,1,37,172,482,1,2
466,1,0,37,172,482,1,2
467,0,1,37,172,482,1,2
468,1,1,37,172,482,1,2
469,1,0,37,172,482,1,2
470,0,1,37,172,482,1,2
471,1,1,37,172,482,1,2
472,1,0,37,172,482,1,2
473,0,1,37,172,482,1,2
474,1,1,37,172,482,1,2
475,1,1,37,172,482,1,2
476,1,0,37,172,482,1,2
477,0,1,37,172,482,1,2
478,1,1,37,172,482,1,2
479,1,0,37,172,482,1,2
480,0,1,37,172,482,1,2
481,1,1,37,172,482,1,2
482,1,1,37,172,482,1,2
484,1,1,38,484,536,1,2
485,1,1,38,484,536,1,2
486,1,0,38,484,536,1,2
487,0,1,38,484,536,1,2
488,1,1,38,484,536,1,2
489,1,0,38,484,536,1,2
490,0,1,38,484,536,1,2
491,1,1,38,484,536,1,2
492,1,1,38,484,536,1,2
493,1,0,38,484,536,1,2
494,0,1,38,484,536,1,2
495,1,1,38,484,536,1,2
496,1,0,38,484,536,1,2
497,0,1,38,484,536,1,2
498,1,1,38,484,536,1,2
499,1,0,38,484,536,1,2
500,0,1,38,484,536,1,2
501,1,1,38,484,536,1,2
502,1,1,38,484,536,1,2
503,1,0,38,484,536,1,2
504,0,1,38,484,536,1,2
505,1,1,38,484,536,1,2
506,1,0,38,484,536,1,2
507,0,1,38,484,536,1,2
508,1,1,38,484,536,1,2
509,1,0,38,484,536,1,2
510,0,1,38,484,536,1,2
511,1,1,38,484,536,1,2
512,1,1,38,484,536,1,2
513,1,0,38,484,536,1,2
514,0,1,38,484,536,1,2
515,1,1,38,484,536,1,2
516,1,0,38,484,536,1,2
517,0,1,38,484,536,1,2
518,1,1,38,484,536,1,2
519,1,1,38,484,536,1,2
520,1,0,38,484,536,1,2
521,0,1,38,484,536,1,2
522,1,1,38,484,536,1,2
523,1,0,38,484,536,1,2
524,0,1,38,484,536,1,2
525,1,1,38,484,536,1,2
526,1,0,38,484,536,1,2
527,0,1,38,484,536,1,2
528,1,1,38,484,536,1,2
529,1,1,38,484,536,1,2
530,1,0,38,484,536,1,2
531,0,1,38,484,536,1,2
532,1,1,38,484,536,1,2
533,1,0,38,484,536,1,2
534,0,1,38,484,536,1,2
535,1,1,38,484,536,1,2
536,1,1,38,484,536,1,2
538,1,1,39,538,543,1,2
539,1,1,39,538,543,1,2
540,1,0,39,538,543,1,2
541,0,1,39,538,543,1,2
542,1,1,39,538,543,1,2
543,1,1,39,538,543,1,2
545,1,1,40,545,553,1,2
546,1,1,40,545,553,1,2
547,1,0,40,545,553,1,2
548,0,1,40,545,553,1,2
549,1,1,40,545,553,1,2
550,1,0,40,545,553,1,2
551,0,1,40,545,553,1,2
552,1,1,40,545,553,1,2
553,1,1,40,545,553,1,2
555,1,1,41,555,560,1,2
556,1,1,41,555,560,1,2
557,1,0,41,555,560,1,2
558,0,1,41,555,560,1,2
559,1,1,41,555,560,1,2
560,1,1,41,555,560,1,2
562,1,1,42,562,567,1,2
563,1,1,42,562,567,1,2
564,1,0,42,562,567,1,2
565,0,1,42,562,567,1,2
566,1,1,42,562,567,1,2
567,1,1,42,562,567,1,2
569,1,1,43,569,577,1,2
570,1,1,43,569,577,1,2
571,1,0,43,569,577,1,2
572,0,1,43,569,577,1,2
573,1,1,43,569,577,1,2
574,1,0,43,569,577,1,2
575,0,1,43,569,577,1,2
576,1,1,43,569,577,1,2
577,1,1,43,569,577,1,2
579,1,1,44,579,584,1,2
580,1,1,44,579,584,1,2
581,1,0,44,579,584,1,2
582,0,1,44,579,584,1,2
583,1,1,44,579,584,1,2
584,1,1,44,579,584,1,2
586,1,1,45,586,591,1,2
587,1,1,45,586,591,1,2
588,1,0,45,586,591,1,2
589,0,1,45,586,591,1,2
590,1,1,45,586,591,1,2
591,1,1,45,586,591,1,2
593,1,1,46,593,598,1,2
594,1,1,46,593,598,1,2
595,1,0,46,593,598,1,2
596,0,1,46,593,598,1,2
597,1,1,46,593,598,1,2
598,1,1,46,593,598,1,2
600,1,1,47,600,601,1,2
601,1,1,47,600,601,1,2
603,1,1,48,603,608,1,2
604,1,1,48,603,608,1,2
605,1,0,48,603,608,1,2
606,0,1,48,603,608,1,2
607,1,1,48,603,608,1,2
608,1,1,48,603,608,1,2
610,1,1,49,610,615,1,2
611,1,1,49,610,615,1,2
612,1,0,49,610,615,1,2
613,0,1,49,610,615,1,2
614,1,1,49,610,615,1,2
615,1,1,49,610,615,1,2
617,1,1,50,617,622,1,2
618,1,1,50,617,622,1,2
619,1,0,50,617,622,1,2
620,0,1,50,617,622,1,2
621,1,1,50,617,622,1,2
622,1,1,50,617,622,1,2
624,1,1,51,624,629,1,2
625,1,1,51,624,629,1,2
626,1,0,51,624,629,1,2
627,0,1,51,624,629,1,2
628,1,1,51,624,629,1,2
629,1,1,51,624,629,1,2
631,1,1,52,631,636,1,2
632,1,1,52,631,636,1,2
633,1,0,52,631,636,1,2
634,0,1,52,631,636,1,2
635,1,1,52,631,636,1,2
636,1,1,52,631,636,1,2
638,1,1,53,638,639,1,2
639,1,1,53,638,639,1,2
641,1,1,54,641,643,1,2
642,1,1,54,641,643,1,2
643,1,1,54,641,643,1,2
645,1,1,55,645,646,1,2
646,1,1,55,645,646,1,2
648,1,1,56,648,650,1,2
649,1,1,56,648,650,1,2
650,1,1,56,648,650,1,2
652,1,1,57,652,653,1,2
653,1,1,57,652,653,1,2
655,1,1,58,655,657,1,2
656,1,1,58,655,657,1,2
657,1,1,58,655,657,1,2
659,1,1,59,659,660,1,2
660,1,1,59,659,660,1,2
662,1,1,60,662,664,1,2
663,1,1,60,662,664,1,2
664,1,1,60,662,664,1,2
666,1,1,61,666,667,1,2
667,1,1,61,666,667,1,2
669,1,1,62,669,671,1,2
670,1,1,62,669,671,1,2
671,1,1,62,669,671,1,2
673,1,1,63,673,674,1,2
674,1,1,63,673,674,1,2
676,1,1,64,676,678,1,2
677,1,1,64,676,678,1,2
678,1,1,64,676,678,1,2
680,1,1,65,680,681,1,2
681,1,1,65,680,681,1,2
683,1,1,66,683,685,1,2
684,1,1,66,683,685,1,2
685,1,1,66,683,685,1,2
687,1,1,67,687,688,1,2
688,1,1,67,687,688,1,2
690,1,1,68,690,692,1,2
691,1,1,68,690,692,1,2
692,1,1,68,690,692,1,2
694,1,1,69,694,695,1,2
695,1,1,69,694,695,1,2
697,1,1,70,697,699,1,2
698,1,1,70,697,699,1,2
699,1,1,70,697,699,1,2
701,1,1,71,701,702,1,2
702,1,1,71,701,702,1,2
704,1,1,72,704,706,1,2
705,1,1,72,704,706,1,2
706,1,1,72,704,706,1,2
708,1,1,73,708,713,1,2
709,1,1,73,708,713,1,2
710,0,1,73,708,713,1,2
711,1,0,73,708,713,1,2
712,1,1,73,708,713,1,2
713,1,1,73,708,713,1,2
715,1,1,74,715,720,1,2
716,1,1,74,715,720,1,2
717,0,1,74,715,720,1,2
718,1,0,74,715,720,1,2
719,1,1,74,715,720,1,2
720,1,1,74,715,720,1,2
722,1,1,75,722,727,1,2
723,1,1,75,722,727,1,2
724,0,1,75,722,727,1,2
725,1,0,75,722,727,1,2
726,1,1,75,722,727,1,2
727,1,1,75,722,727,1,2
729,1,1,76,729,734,1,2
730,1,1,76,729,734,1,2
731,0,1,76,729,734,1,2
732,1,0,76,729,734,1,2
733,1,1,76,729,734,1,2
734,1,1,76,729,734,1,2
736,1,1,77,736,738,1,2
737,1,1,77,736,738,1,2
738,1,1,77,736,738,1,2
740,1,1,78,740,741,1,2
741,1,1,78,740,741,1,2
743,1,1,79,743,745,1,2
744,1,1,79,743,745,1,2
745,1,1,79,743,745,1,2
747,1,1,80,747,752,1,2
748,1,1,80,747,752,1,2
749,0,1,80,747,752,1,2
750,1,0,80,747,752,1,2
751,1,1,80,747,752,1,2
752,1,1,80,747,752,1,2
754,1,1,81,754,759,1,2
755,1,1,81,754,759,1,2
756,0,1,81,754,759,1,2
757,1,0,81,754,759,1,2
758,1,1,81,754,759,1,2
759,1,1,81,754,759,1,2
761,0,1,82,761,763,1,2
762,0,1,82,761,763,1,2
763,0,1,82,761,763,1,2
765,0,1,83,765,766,1,2
766,0,1,83,765,766,1,2
